opcode,count_in_parse,handler_kind,handler_addr,handler_file_pc,handler_first16,len_model
00,1,main_dispatch,84:8963,0x048963,00 EA A9 01 20 30 89 60 EE 68 12 C2 20 A9 8C 89,2
01,1,main_dispatch,84:896B,0x04896B,EE 68 12 C2 20 A9 8C 89 85 0F E2 20 A9 32 85 0D,2
02,3,main_dispatch,84:89A5,0x0489A5,B7 98 C2 30 29 FF 00 3A 85 00 0A 65 00 AA BD EE,2
04,3,main_dispatch,84:89D6,0x0489D6,B7 98 8D 6E 12 20 16 80 4C 5E 89 9C AC 12 4C 59,2
06,2,main_dispatch,84:89E1,0x0489E1,9C AC 12 4C 59 89 B7 98 8D 0B 03 C8 B7 98 8D 0D,2
08,2,main_dispatch,84:8A0D,0x048A0D,B7 98 85 2A C8 B7 98 85 2B C8 B2 2A 38 F7 98 20,2
09,2,main_dispatch,84:8A3A,0x048A3A,C2 20 B7 98 85 A4 E2 20 C8 C8 B7 98 85 A6 C8 4C,2
0A,3,main_dispatch,84:8A24,0x048A24,B7 98 85 2A C8 B7 98 85 2B C8 B2 2A 37 98 20 1E,2
0B,11,main_dispatch,84:8A4C,0x048A4C,B7 98 8D BE 12 4C 5E 89 B7 98 C8 22 72 B5 80 4C,2
0C,3,main_dispatch,84:8963,0x048963,00 EA A9 01 20 30 89 60 EE 68 12 C2 20 A9 8C 89,2
0E,6,main_dispatch,84:8963,0x048963,00 EA A9 01 20 30 89 60 EE 68 12 C2 20 A9 8C 89,2
0F,3,main_dispatch,84:8963,0x048963,00 EA A9 01 20 30 89 60 EE 68 12 C2 20 A9 8C 89,2
10,7,main_dispatch,84:8A54,0x048A54,B7 98 C8 22 72 B5 80 4C 5E 89 B7 98 85 0F C8 B7,2
11,3,main_dispatch,84:8A72,0x048A72,B7 98 22 40 B3 80 4C 5E 89 B7 98 8D 05 15 C8 B7,2
12,2,main_dispatch,84:8A7B,0x048A7B,B7 98 8D 05 15 C8 B7 98 C8 48 B7 98 C8 22 FD C6,2
13,2,main_dispatch,84:8A94,0x048A94,B7 98 C8 8D 5F 03 4C 0F 84 B7 98 C8 22 F8 91 83,2
14,2,main_dispatch,84:8A9D,0x048A9D,B7 98 C8 22 F8 91 83 4C 0F 84 22 A0 9A 83 B0 04,2
15,2,main_dispatch,84:8AE0,0x048AE0,B7 98 8D 34 11 C8 B7 98 C8 22 B8 BA 80 4C 0F 84,2
16,3,main_dispatch,84:8AA7,0x048AA7,22 A0 9A 83 B0 04 00 EA 80 27 AA B7 98 C8 C9 00,2
18,2,main_dispatch,84:9B6B,0x049B6B,B7 98 85 1E C8 B7 98 85 1F C8 B7 98 C8 22 AC 86,2
19,2,main_dispatch,84:9B82,0x049B82,C2 20 B7 98 85 2A E2 20 B2 2A 85 1E 64 1F C8 C8,2
1A,3,main_dispatch,84:8D9D,0x048D9D,B7 98 85 2A C8 B7 98 85 2B C8 5A B2 2A 85 06 A0,2
1B,4,main_dispatch,84:8DD6,0x048DD6,B7 98 85 2A C8 B7 98 85 2B C8 B7 98 C8 EB A5 2B,2
1C,1,main_dispatch,84:8DF5,0x048DF5,B7 98 85 2A C8 B7 98 85 2B C8 B2 2A 22 48 A1 84,2
1D,1,main_dispatch,84:8E08,0x048E08,22 5A A1 84 4C 59 89 AD 98 13 F0 0D AE 86 19 BD,2
21,3,main_dispatch,84:8E93,0x048E93,C2 20 AD 23 19 48 E2 20 AD 3B 19 48 B7 98 8D 23,2
22,3,main_dispatch,84:94DB,0x0494DB,C2 20 B7 98 E2 20 48 08 C8 C8 28 10 06 B7 98 8D,2
26,1,main_dispatch,84:9548,0x049548,B7 98 85 00 10 20 29 7F 85 00 AD 0E 16 38 E5 00,2
27,2,main_dispatch,84:9579,0x049579,B7 98 F0 09 8D 23 19 C8 B7 98 8D 24 19 22 57 DA,2
28,1,main_dispatch,84:95CE,0x0495CE,B7 98 48 EE 68 12 C2 20 A9 07 96 85 0F E2 20 A9,2
29,1,main_dispatch,84:9639,0x049639,B7 98 85 06 C8 B7 98 10 08 29 7F 22 49 80 83 80,2
2A,1,main_dispatch,84:9652,0x049652,A9 01 8D E2 12 22 24 B0 84 22 3B 86 81 4C 59 89,2
2B,4,main_dispatch,84:9662,0x049662,B7 98 8D 59 19 AC B8 13 F0 03 8D CE 15 4C 5E 89,2
2C,3,main_dispatch,84:9672,0x049672,22 FD 99 81 4C 59 89 AD 06 03 38 F7 98 20 3F 89,2
2F,1,main_dispatch,84:968E,0x04968E,EE 68 12 C2 20 A9 04 9B 85 0F E2 20 A9 32 85 0D,2
30,4,main_dispatch,84:96CC,0x0496CC,C2 20 B7 98 85 0F C8 C8 B7 98 85 09 C8 C8 E2 20,2
33,1,main_dispatch,84:8A5E,0x048A5E,B7 98 85 0F C8 B7 98 85 10 C8 B7 98 C8 22 57 B5,2
34,1,main_dispatch,84:9735,0x049735,B7 98 22 A9 B1 85 4C 5E 89 B7 98 22 9F 95 81 4C,2
36,2,main_dispatch,84:9747,0x049747,9C 69 19 9C 6A 19 EE 68 12 20 59 89 C2 20 A9 8F,2
37,4,main_dispatch,84:97A4,0x0497A4,EE 68 12 C2 20 A9 C7 97 85 0F E2 20 A9 32 85 0D,3
38,42,main_dispatch,84:97DF,0x0497DF,B7 98 85 0F C8 B7 98 85 10 C8 B2 0F 22 66 80 85,3
3B,1,main_dispatch,84:9810,0x049810,B7 98 22 70 92 85 20 1E 84 4C 5E 89 B7 98 85 0F,2
3F,1,main_dispatch,84:9A99,0x049A99,B7 98 C8 AA B7 98 E0 00 D0 0B 22 BC 8C 86 C8 20,2
40,1,main_dispatch,84:8FB3,0x048FB3,B7 98 85 0F C8 B7 98 85 10 C8 B2 0F 8D 56 18 A2,2
41,4,main_dispatch,84:983A,0x04983A,B7 98 8D 74 1D C8 B7 98 8D 69 1D C8 4C 0F 84 B7,2
43,1,main_dispatch,84:9851,0x049851,B7 98 48 EE 68 12 C2 20 A9 78 98 85 0F E2 20 A9,2
45,1,main_dispatch,84:98AC,0x0498AC,22 61 A0 84 B7 98 F0 19 8D B0 12 C8 B7 98 8D B1,2
48,1,main_dispatch,84:994D,0x04994D,22 E8 B3 81 90 15 AA BD 59 06 D7 98 D0 0D C8 BD,2
49,1,main_dispatch,84:9977,0x049977,B7 98 8D 7A 03 C8 B7 98 8D 7D 03 C8 B7 98 8D 7E,2
51,1,special_ge50,82:80C2,0x0280C2,B7 98 AA 20 94 9F 22 C5 9B 84 60 B7 98 20 CA A0,2
52,1,special_ge50,82:80CD,0x0280CD,B7 98 20 CA A0 AD C8 1F AE C9 1F 22 D2 9B 84 22,2
54,1,special_ge50,82:81E0,0x0281E0,A9 01 AE 8F 19 E0 04 B0 02 A9 00 22 CE 9B 84 22,2
5A,1,special_ge50,82:8359,0x028359,20 26 80 B2 06 AA BD D5 19 22 CE 9B 84 A9 03 22,2
5B,1,special_ge50,82:836D,0x02836D,64 AA 22 C1 9B 84 60 B7 98 8D 87 19 C8 B7 98 C9,2
63,1,special_ge50,82:8527,0x028527,9C 89 12 9C 96 12 B7 98 08 C8 28 F0 6D 48 20 26,2
64,1,special_ge50,82:85B6,0x0285B6,22 EA 9B 84 A0 01 B7 98 C8 48 B7 98 C8 AA 9E 9F,2
6C,2,special_ge50,82:86EE,0x0286EE,C2 20 A9 0B 87 85 0F E2 20 22 14 AC 80 AE 68 00,2
6D,1,special_ge50,82:8745,0x028745,C2 20 B7 98 85 06 C9 08 00 E2 20 90 02 B2 06 48,2
6E,1,special_ge50,82:87AE,0x0287AE,4B AB B7 98 C9 10 B0 06 38 ED 9D 1F 80 07 AC 9D,2
71,1,special_ge50,82:8840,0x028840,B7 98 85 1E F0 44 A9 10 EB A9 0B 22 10 A5 80 A0,2
72,1,special_ge50,82:8897,0x028897,20 E5 95 C2 20 A9 B7 88 85 0F E2 20 22 14 AC 80,2
77,1,special_ge50,82:8A63,0x028A63,C2 20 AD 23 19 48 E2 20 20 26 80 B2 06 AA BD D5,2
79,1,special_ge50,82:8B38,0x028B38,20 00 9C 20 15 9B 22 C1 9B 84 60 20 26 80 B7 98,2
81,1,special_ge50,82:8BBE,0x028BBE,C2 20 A9 D3 8B 85 0F E2 20 22 14 AC 80 EE 68 12,2
82,1,special_ge50,82:8BEE,0x028BEE,C2 20 A9 05 8C 85 0F E2 20 22 14 AC 80 EE 68 12,2
8A,1,special_ge50,82:8D96,0x028D96,20 26 80 B2 06 AA BD E5 19 D0 0B BD D5 19 D7 98,2
8B,1,special_ge50,82:8DB8,0x028DB8,B7 98 85 06 A0 00 80 11 B9 77 1D AA BD E5 19 D0,2
93,1,special_ge50,82:98B7,0x0298B7,6C 12 A9 8F 22 23 87 84 AD 87 19 C9 CD D0 03 4C,2
94,1,special_ge50,82:20AA,0x0220AA,10 00 2F 80 08 00 3A 80 00 00 3A 90 F8 00 3A 90,2
9A,22,special_ge50,82:9420,0x029420,18 69 05 AA 80 CD 20 AE 94 AE 86 19 9E 25 1A 22,2
9C,1,special_ge50,82:9BC5,0x029BC5,22 23 87 84 22 35 AD 80 6B A9 CE 8D 87 19 20 00,2
9D,1,special_ge50,82:6084,0x026084,09 38 F8 D0 04 78 F8 B0 02 78 F8 C0 00 78 F8 90,2
A3,1,special_ge50,82:221F,0x02221F,20 0C D0 14 20 04 D0 13 30 FC D0 12 30 F4 D0 11,2
A5,1,special_ge50,82:2284,0x022284,04 E8 09 30 FC E8 08 30 F4 E8 07 30 EC E8 06 28,2
A6,1,special_ge50,82:9BC5,0x029BC5,22 23 87 84 22 35 AD 80 6B A9 CE 8D 87 19 20 00,2
AE,1,special_ge50,82:AE80,0x02AE80,20 39 AE AD 23 19 D0 05 A9 2C 20 39 AE 60 AE 8B,2
AF,1,special_ge50,82:0068,0x020068,28 0C 4D 0C 72 0C A3 0C D4 0C FD 0C 26 0D AF 0D,2
B1,1,special_ge50,82:199D,0x02199D,83 04 8D 04 83 04 8D 04 83 04 8D 04 85 04 84 04,2
B6,1,special_ge50,82:0659,0x020659,01 E8 12 20 00 E0 02 38 F1 E0 00 0C 20 07 F8 03,2
B7,1,special_ge50,82:6822,0x026822,10 E0 28 30 F8 E0 28 20 08 E0 28 20 00 E0 28 0C,2
B8,1,special_ge50,82:80BB,0x0280BB,4B 9F 22 C5 9B 84 60 B7 98 AA 20 94 9F 22 C5 9B,2
C0,1,special_ge50,82:9C06,0x029C06,1C A2 00 C2 20 BD F6 9C F0 15 85 0F BD F8 9C F0,2
C1,1,special_ge50,82:1987,0x021987,F0 28 38 F0 E0 26 20 00 E8 05 20 00 F8 14 20 00,2
C6,1,special_ge50,82:C898,0x02C898,01 80 00 80 00 80 00 80 00 80 00 80 00 80 00 00,2
CD,1,special_ge50,82:98E6,0x0298E6,71 99 85 0F E2 20 22 BF AD 80 AD 85 19 D0 47 AD,2
D0,2,special_ge50,82:8D0D,0x028D0D,68 D0 34 A0 00 B9 77 1D 22 CE 9B 84 C8 C0 10 90,2
D1,1,special_ge50,82:1987,0x021987,F0 28 38 F0 E0 26 20 00 E8 05 20 00 F8 14 20 00,2
D2,1,special_ge50,82:6918,0x026918,FF 00 00 80 02 00 02 81 02 00 02 82 02 00 02 83,2
D4,1,special_ge50,82:126B,0x02126B,20 00 E8 03 30 F8 E8 02 20 00 E0 01 30 F8 E0 00,2
D9,1,special_ge50,82:1690,0x021690,E0 03 38 F0 E0 01 30 E8 E9 10 30 E8 E1 00 0C 20,2
DB,20,special_ge50,82:849B,0x02849B,FA C9 02 90 E1 E8 A9 01 9D 97 12 A9 05 9D 9F 12,2
E7,1,special_ge50,82:E222,0x02E222,00 AA 9D 86 1F E8 E0 06 90 F8 AE 86 19 BD D5 19,2
